orthogroup	presence	gain	loss	n_gains	n_losses	n_presences
OG_1001	TrH2	TrH2		1	0	1
OG_10030	Mmus	Mmus		1	0	1
OG_10032	Hhon,HoiH23,Tadh,TrH2	Placozoa		1	0	7
OG_10035	Mmus	Mmus		1	0	1
OG_10039	Hvul	Hvul		1	0	1
OG_10057	Mmus	Mmus		1	0	1
OG_10058	Mmus	Mmus		1	0	1
OG_10076	Hvul	Hvul		1	0	1
OG_10092	HoiH23,Nvec,TrH2	CniBilPla	Bilateria,Hhon,Hvul,Spis,Tadh	1	5	10
OG_10107	Dmel,Hhon,HoiH23,Mmus,TrH2	CniBilPla	Cnidaria,Tadh	1	2	11
OG_10111	Dmel	Dmel		1	0	1
OG_10118	Dmel	Dmel		1	0	1
OG_10120	Mmus	Mmus		1	0	1
OG_10127	Mmus	Mmus		1	0	1
OG_10132	Mmus,Tadh	CniBilPla	Cnidaria,Dmel,Hoilungia,TrH2	1	4	7
OG_10138	Hhon,HoiH23,Tadh,TrH2	Placozoa		1	0	7
OG_10150	Hhon,HoiH23,Tadh,TrH2	Placozoa		1	0	10
OG_10151	Dmel,Nvec,Spis	CniBil	Hvul,Mmus	1	2	7
OG_10152	Spolac	Spolac		1	0	1
OG_10167	Mmus	Mmus		1	0	1
OG_10175	Mmus	Mmus		1	0	1
OG_1018	Mmus	Mmus		1	0	1
OG_10180	HoiH23	HoiH23		1	0	1
OG_10185	Hvul	Hvul		1	0	1
OG_10198	Mmus	Mmus		1	0	1
OG_10206	Mmus	Mmus		1	0	1
OG_10207	Mmus	Mmus		1	0	1
OG_10210	Hhon,HoiH23,TrH2	Placozoa	Tadh	1	1	6
OG_10213	Hvul	Hvul		1	0	1
OG_1022	Dmel,Mmus	Bilateria		1	0	6
OG_10224	Dmel,Mlei,Mmus	Metazoa	Cnidaria,Placozoa,Spolac	1	3	7
OG_10229	Dmel,Mlei,TrH2	Metazoa	Cnidaria,Hoilungia,Mmus,Spolac,Tadh	1	5	9
OG_10233	HoiH23,Tadh	Placozoa	Hhon,TrH2	1	2	5
OG_10239	Mmus	Mmus		1	0	1
OG_10240	HoiH23,Hvul,Nvec,Tadh,TrH2	CniBilPla	Bilateria,Hhon,Spis	1	3	12
OG_10249	Spolac,Tadh,TrH2	Metazoa	CniBil,Hoilungia,Mlei	1	3	7
OG_10278	Mmus	Mmus		1	0	1
OG_10279	Spolac	Spolac		1	0	1
OG_10286	Mmus	Mmus		1	0	1
OG_10290	Mmus	Mmus		1	0	2
OG_10294	Mmus,TrH2	CniBilPla	Cnidaria,Dmel,Hoilungia,Tadh	1	4	7
OG_10295	Hhon,HoiH23,Hvul	CniBilPla	Anthozoa,Bilateria,Trichoplax	1	3	8
OG_10298	Dmel,Mmus	Bilateria		1	0	5
OG_1031	Dmel	Dmel		1	0	1
OG_10317	HoiH23	HoiH23		1	0	1
OG_10320	Hvul,Mmus	CniBil	Anthozoa,Dmel	1	2	6
OG_10325	Hvul,TrH2	CniBilPla	Anthozoa,Bilateria,Hoilungia,Tadh	1	4	7
OG_10330	Spolac	Spolac		1	0	1
OG_10337	Hhon,HoiH23,Hvul,Mmus,Tadh,TrH2	CniBilPla	Anthozoa,Dmel	1	2	13
OG_10356	Dmel	Dmel		1	0	1
OG_10367	HoiH23	HoiH23		1	0	1
OG_10386	Dmel,Hhon,Mmus	CniBilPla	Cnidaria,HoiH23,Trichoplax	1	3	8
OG_10409	Mmus	Mmus		1	0	1
OG_10425	Hvul	Hvul		1	0	1
OG_10427	HoiH23,TrH2	Placozoa	Hhon,Tadh	1	2	5
OG_10429	Dmel,Hhon,TrH2	CniBilPla	Cnidaria,HoiH23,Mmus,Tadh	1	4	9
OG_10431	TrH2	TrH2		1	0	1
OG_10434	Dmel	Dmel		1	0	1
OG_10435	Dmel,Mmus,Tadh,TrH2	CniBilPla	Cnidaria,Hoilungia	1	2	9
OG_1044	Dmel	Dmel		1	0	1
OG_10440	Hhon,HoiH23	Hoilungia		1	0	3
OG_10452	Dmel	Dmel		1	0	1
OG_10454	Dmel,Hvul,Mmus,Nvec	CniBil	Spis	1	1	13
OG_10460	Spolac	Spolac		1	0	1
OG_10470	Spolac	Spolac		1	0	1
OG_10474	Mmus	Mmus		1	0	1
OG_10477	Nvec	Nvec		1	0	1
OG_10487	Mmus	Mmus		1	0	1
OG_10495	Hvul	Hvul		1	0	1
OG_10496	Tadh,TrH2	Trichoplax		1	0	3
OG_10498	Mmus	Mmus		1	0	1
OG_10500	Dmel,Hhon,HoiH23,Tadh,TrH2	CniBilPla	Cnidaria,Mmus	1	2	11
OG_1052	Mmus	Mmus		1	0	2
OG_10523	TrH2	TrH2		1	0	1
OG_10524	Hhon,HoiH23,TrH2	Placozoa	Tadh	1	1	6
OG_10536	Spolac	Spolac		1	0	1
OG_10541	Spolac	Spolac		1	0	1
OG_10542	Mmus	Mmus		1	0	1
OG_10544	Hvul	Hvul		1	0	1
OG_10546	Dmel	Dmel		1	0	1
OG_10547	Mmus	Mmus		1	0	2
OG_10548	Mmus	Mmus		1	0	1
OG_10568	Mmus	Mmus		1	0	1
OG_1057	Hvul,Mmus	CniBil	Anthozoa,Dmel	1	2	5
OG_10575	Mmus	Mmus		1	0	2
OG_10585	Hvul	Hvul		1	0	1
OG_10587	Hhon,HoiH23,Tadh	Placozoa	TrH2	1	1	6
OG_10599	Mmus	Mmus		1	0	1
OG_10604	Dmel	Dmel		1	0	1
OG_10628	Spolac	Spolac		1	0	1
OG_10631	Mmus	Mmus		1	0	1
OG_10641	Mmus	Mmus		1	0	1
OG_10644	Mmus	Mmus		1	0	1
OG_10647	Mmus	Mmus		1	0	1
OG_10655	Mlei,Tadh	Metazoa	CniBil,Hoilungia,Spolac,TrH2	1	4	6
OG_1066	Mmus	Mmus		1	0	1
OG_10660	Mmus	Mmus		1	0	1
OG_10661	Spolac	Spolac		1	0	1
OG_10696	Hvul	Hvul		1	0	1
OG_10700	Tadh,TrH2	Trichoplax		1	0	3
OG_10701	Hvul	Hvul		1	0	1
OG_10707	HoiH23,Mmus,Tadh	CniBilPla	Cnidaria,Dmel,Hhon,TrH2	1	4	9
OG_10710	Hvul,Spolac	Metazoa	Anthozoa,Bilateria,Mlei,Placozoa	1	4	6
OG_10715	Hvul,Mmus,Nvec	CniBil	Dmel,Spis	1	2	7
OG_10726	Mmus	Mmus		1	0	1
OG_10732	Hhon	Hhon		1	0	1
OG_10742	Hvul	Hvul		1	0	1
OG_10754	Mmus	Mmus		1	0	1
OG_10757	Hvul	Hvul		1	0	1
OG_10762	Mmus	Mmus		1	0	1
OG_10767	Mmus	Mmus		1	0	1
OG_10772	Hvul	Hvul		1	0	1
OG_10775	Spolac	Spolac		1	0	1
OG_1079	Mmus	Mmus		1	0	1
OG_10795	Mmus	Mmus		1	0	1
OG_108	Tadh,TrH2	Trichoplax		1	0	3
OG_10800	Hvul	Hvul		1	0	1
OG_10806	Mmus	Mmus		1	0	1
OG_10807	Mmus	Mmus		1	0	1
OG_1082	Spolac	Spolac		1	0	1
OG_10820	TrH2	TrH2		1	0	1
OG_10821	Hvul	Hvul		1	0	1
OG_10840	Dmel,Mmus	Bilateria		1	0	3
OG_10841	Mmus	Mmus		1	0	1
OG_10859	Mmus	Mmus		1	0	1
OG_10868	Dmel,Mmus,Tadh,TrH2	CniBilPla	Cnidaria,Hoilungia	1	2	9
OG_10869	Hhon,HoiH23,Hvul,Tadh,TrH2	CniBilPla	Anthozoa,Bilateria	1	2	12
OG_10875	Spolac	Spolac		1	0	1
OG_10896	Dmel,Hhon,HoiH23,Hvul,Mmus,Spis	CniBilPla	Nvec,Trichoplax	1	2	13
OG_10897	Hhon,HoiH23,Spolac,Tadh,TrH2	Metazoa	CniBil,Mlei	1	2	10
OG_10904	Mmus	Mmus		1	0	1
OG_10908	Hhon	Hhon		1	0	1
OG_10916	Dmel	Dmel		1	0	1
OG_1092	Dmel,HoiH23,Tadh	CniBilPla	Cnidaria,Hhon,Mmus,TrH2	1	4	9
OG_10924	Dmel,Hvul,Mmus	CniBil	Anthozoa	1	1	6
OG_10933	Dmel,Mmus	Bilateria		1	0	5
OG_10951	Spolac	Spolac		1	0	1
OG_10954	TrH2	TrH2		1	0	1
OG_10955	Spolac	Spolac		1	0	1
OG_1097	Hvul	Hvul		1	0	1
OG_10973	Dmel	Dmel		1	0	1
OG_10987	Dmel	Dmel		1	0	1
OG_10988	Mmus	Mmus		1	0	1
OG_10991	Dmel	Dmel		1	0	1
OG_10997	Dmel,Mmus	Bilateria		1	0	3
OG_11009	Mmus	Mmus		1	0	1
OG_11021	Mmus	Mmus		1	0	1
OG_11022	Spolac	Spolac		1	0	1
OG_11027	Mmus	Mmus		1	0	1
OG_11028	Hvul	Hvul		1	0	1
OG_11032	Dmel	Dmel		1	0	1
OG_11035	Mmus	Mmus		1	0	1
OG_11045	Dmel,HoiH23,Tadh,TrH2	CniBilPla	Cnidaria,Hhon,Mmus	1	3	10
OG_11047	Dmel,Mmus	Bilateria		1	0	3
OG_11050	Mmus	Mmus		1	0	1
OG_11052	Mmus	Mmus		1	0	1
OG_11056	Mmus	Mmus		1	0	1
OG_1106	Dmel	Dmel		1	0	1
OG_11067	Dmel	Dmel		1	0	1
OG_11068	TrH2	TrH2		1	0	1
OG_11069	TrH2	TrH2		1	0	1
OG_11077	TrH2	TrH2		1	0	1
OG_11081	Hhon,HoiH23	Hoilungia		1	0	3
OG_11083	Spolac	Spolac		1	0	1
OG_11087	Hhon,HoiH23,Mmus,TrH2	CniBilPla	Cnidaria,Dmel,Tadh	1	3	10
OG_11089	Hhon,HoiH23,Tadh,TrH2	Placozoa		1	0	7
OG_11091	Hhon,HoiH23,Hvul,Tadh,TrH2	CniBilPla	Anthozoa,Bilateria	1	2	11
OG_11095	Mmus	Mmus		1	0	1
OG_1111	Mmus	Mmus		1	0	1
OG_11125	Dmel	Dmel		1	0	1
OG_1114	Dmel	Dmel		1	0	1
OG_11142	Dmel	Dmel		1	0	1
OG_11151	Mmus	Mmus		1	0	1
OG_11160	Dmel	Dmel		1	0	1
OG_11172	Dmel	Dmel		1	0	1
OG_11177	Mmus	Mmus		1	0	1
OG_11179	Spolac	Spolac		1	0	1
OG_11181	Dmel	Dmel		1	0	1
OG_11188	Spolac	Spolac		1	0	1
OG_11197	TrH2	TrH2		1	0	1
OG_11199	HoiH23	HoiH23		1	0	1
OG_11200	Hhon,HoiH23,TrH2	Placozoa	Tadh	1	1	6
OG_11204	Mmus	Mmus		1	0	2
OG_11205	Dmel	Dmel		1	0	1
OG_11221	Mmus	Mmus		1	0	1
OG_11234	Spolac	Spolac		1	0	1
OG_11241	Dmel	Dmel		1	0	1
OG_11254	Mmus	Mmus		1	0	1
OG_11259	HoiH23,Tadh	Placozoa	Hhon,TrH2	1	2	5
OG_11273	Hvul,Mmus	CniBil	Anthozoa,Dmel	1	2	6
OG_11297	Hvul	Hvul		1	0	1
OG_1130	Mmus	Mmus		1	0	1
OG_11302	Mmus	Mmus		1	0	1
OG_11304	Dmel,Mmus	Bilateria		1	0	3
OG_11306	Dmel	Dmel		1	0	1
OG_11328	Spolac	Spolac		1	0	1
OG_11329	Hhon,HoiH23,Tadh	Placozoa	TrH2	1	1	6
OG_1133	Mmus	Mmus		1	0	1
OG_1137	Spolac	Spolac		1	0	1
OG_1138	Spolac	Spolac		1	0	1
OG_11405	Spolac	Spolac		1	0	1
OG_1142	Mmus	Mmus		1	0	1
OG_11433	Tadh,TrH2	Trichoplax		1	0	3
OG_11435	Mmus	Mmus		1	0	1
OG_11438	Hhon,HoiH23,TrH2	Placozoa	Tadh	1	1	6
OG_11445	Hhon,HoiH23,Mmus,Tadh,TrH2	CniBilPla	Cnidaria,Dmel	1	2	11
OG_11448	Mmus	Mmus		1	0	1
OG_11449	HoiH23	HoiH23		1	0	1
OG_11455	Spolac	Spolac		1	0	1
OG_11456	Hhon,HoiH23,TrH2	Placozoa	Tadh	1	1	6
OG_11458	Mmus	Mmus		1	0	1
OG_11465	Spolac	Spolac		1	0	1
OG_11478	Hhon,HoiH23,Tadh,TrH2	Placozoa		1	0	7
OG_11481	Hhon,HoiH23	Hoilungia		1	0	3
OG_11499	Spolac	Spolac		1	0	1
OG_11500	Mmus	Mmus		1	0	1
OG_11506	Hvul	Hvul		1	0	1
OG_11508	Dmel,Hhon,HoiH23,Tadh,TrH2	CniBilPla	Cnidaria,Mmus	1	2	11
OG_11519	Spolac	Spolac		1	0	1
OG_1152	Mmus	Mmus		1	0	1
OG_11526	Hhon,HoiH23,TrH2	Placozoa	Tadh	1	1	6
OG_11532	Nvec	Nvec		1	0	1
OG_11540	Hhon,HoiH23,Tadh	Placozoa	TrH2	1	1	6
OG_11543	Mmus	Mmus		1	0	1
OG_11545	Mmus	Mmus		1	0	1
OG_11555	Hvul,Mmus	CniBil	Anthozoa,Dmel	1	2	5
OG_11563	Hhon,HoiH23,Tadh,TrH2	Placozoa		1	0	7
OG_11569	Mmus	Mmus		1	0	1
OG_11579	Hhon	Hhon		1	0	1
OG_11585	Spis	Spis		1	0	1
OG_11589	Mmus	Mmus		1	0	1
OG_11599	Mmus	Mmus		1	0	1
OG_11600	Mmus	Mmus		1	0	1
OG_11603	Hhon,HoiH23,Tadh,TrH2	Placozoa		1	0	7
OG_11614	Mmus	Mmus		1	0	1
OG_11639	Hhon	Hhon		1	0	1
OG_11668	HoiH23,Tadh,TrH2	Placozoa	Hhon	1	1	7
OG_11669	HoiH23,TrH2	Placozoa	Hhon,Tadh	1	2	5
OG_11671	TrH2	TrH2		1	0	1
OG_11692	Hhon	Hhon		1	0	1
OG_11702	TrH2	TrH2		1	0	1
OG_11725	HoiH23,Tadh	Placozoa	Hhon,TrH2	1	2	5
OG_11739	Hvul	Hvul		1	0	1
OG_11748	Tadh,TrH2	Trichoplax		1	0	3
OG_11750	HoiH23	HoiH23		1	0	1
OG_1176	Mmus	Mmus		1	0	1
OG_1177	Mmus	Mmus		1	0	1
OG_11778	Tadh,TrH2	Trichoplax		1	0	3
OG_11782	HoiH23,Tadh,TrH2	Placozoa	Hhon	1	1	6
OG_11785	TrH2	TrH2		1	0	2
OG_11812	HoiH23,TrH2	Placozoa	Hhon,Tadh	1	2	5
OG_1182	Dmel,Mmus	Bilateria		1	0	4
OG_11850	HoiH23,Tadh,TrH2	Placozoa	Hhon	1	1	6
OG_11870	Tadh,TrH2	Trichoplax		1	0	3
OG_11886	Hhon	Hhon		1	0	1
OG_1189	Spolac	Spolac		1	0	1
OG_11897	Hhon,HoiH23,TrH2	Placozoa	Tadh	1	1	6
OG_1193	Spolac,TrH2	Metazoa	CniBil,Hoilungia,Mlei,Tadh	1	4	6
OG_11934	TrH2	TrH2		1	0	1
OG_11947	HoiH23	HoiH23		1	0	1
OG_11948	HoiH23	HoiH23		1	0	1
OG_11965	Hhon	Hhon		1	0	1
OG_11972	Dmel,HoiH23,Nvec,Spis	CniBilPla	Hhon,Hvul,Mmus,Trichoplax	1	4	13
OG_11980	TrH2	TrH2		1	0	1
OG_11984	TrH2	TrH2		1	0	1
OG_12020	TrH2	TrH2		1	0	1
OG_12035	Hvul	Hvul		1	0	1
OG_12043	Mmus	Mmus		1	0	1
OG_12066	HoiH23,Tadh	Placozoa	Hhon,TrH2	1	2	5
OG_12072	TrH2	TrH2		1	0	1
OG_1208	TrH2	TrH2		1	0	1
OG_12096	Mmus	Mmus		1	0	1
OG_1210	Hvul	Hvul		1	0	1
OG_12163	Tadh	Tadh		1	0	1
OG_12244	Mmus	Mmus		1	0	1
OG_12251	Mmus	Mmus		1	0	1
OG_12268	Hvul	Hvul		1	0	1
OG_12272	Spis	Spis		1	0	1
OG_12312	Hvul	Hvul		1	0	1
OG_12394	Dmel,Hvul,Mmus,Nvec,Spis	CniBil		1	0	10
OG_124	Mlei,Mmus,Spis,Tadh	Metazoa	Dmel,Hoilungia,Hvul,Nvec,Spolac,TrH2	1	6	18
OG_12417	Mmus	Mmus		1	0	1
OG_12426	Dmel	Dmel		1	0	1
OG_12432	Dmel	Dmel		1	0	1
OG_12436	Spis	Spis		1	0	1
OG_1247	Dmel,Mmus	Bilateria		1	0	4
OG_125	TrH2	TrH2		1	0	1
OG_1254	Mmus	Mmus		1	0	1
OG_12547	Nvec	Nvec		1	0	1
OG_12549	Spis	Spis		1	0	1
OG_12569	Spis	Spis		1	0	1
OG_12583	Nvec	Nvec		1	0	1
OG_1263	Dmel,Mmus	Bilateria		1	0	4
OG_12646	Mmus	Mmus		1	0	1
OG_1266	Hvul	Hvul		1	0	1
OG_12667	Dmel	Dmel		1	0	1
OG_12675	Dmel,Mmus	Bilateria		1	0	4
OG_12680	Dmel	Dmel		1	0	1
OG_12681	Mmus	Mmus		1	0	1
OG_1269	Spolac	Spolac		1	0	1
OG_12707	Hvul	Hvul		1	0	1
OG_12708	Mlei	Mlei		1	0	1
OG_12716	Hvul	Hvul		1	0	1
OG_1275	Hvul	Hvul		1	0	2
OG_1277	Dmel,Mmus	Bilateria		1	0	3
OG_128	Tadh,TrH2	Trichoplax		1	0	3
OG_1285	Mmus	Mmus		1	0	1
OG_1309	Hhon,Hvul,Tadh	CniBilPla	Anthozoa,Bilateria,HoiH23,TrH2	1	4	9
OG_1335	Dmel,Hhon,HoiH23,Hvul,Mmus,Tadh,TrH2	CniBilPla	Anthozoa	1	1	15
OG_1337	Spolac	Spolac		1	0	1
OG_1345	Mmus	Mmus		1	0	1
OG_1351	Hhon,HoiH23,Hvul,Tadh,TrH2	CniBilPla	Anthozoa,Bilateria	1	2	11
OG_1354	TrH2	TrH2		1	0	1
OG_1361	Dmel,Mmus,Tadh,TrH2	CniBilPla	Cnidaria,Hoilungia	1	2	11
OG_1364	Dmel	Dmel		1	0	1
OG_137	Hvul,Mmus	CniBil	Anthozoa,Dmel	1	2	5
OG_1373	Mmus	Mmus		1	0	1
OG_1375	Mmus	Mmus		1	0	1
OG_1380	Mmus	Mmus		1	0	1
OG_1383	Dmel,Spis	CniBil	Hvul,Mmus,Nvec	1	3	6
OG_1388	Mmus	Mmus		1	0	1
OG_1427	Hhon,HoiH23,TrH2	Placozoa	Tadh	1	1	6
OG_1434	Hvul,Mmus	CniBil	Anthozoa,Dmel	1	2	5
OG_1443	Mmus	Mmus		1	0	1
OG_1447	Mmus	Mmus		1	0	1
OG_1449	Hhon,HoiH23,Hvul,Mmus,Spis,Tadh,TrH2	CniBilPla	Dmel,Nvec	1	2	15
OG_1451	Mmus	Mmus		1	0	3
OG_1452	Mmus	Mmus		1	0	1
OG_1459	Mlei,Spolac	Metazoa	CniBilPla	1	1	3
OG_1478	Mmus	Mmus		1	0	1
OG_1481	Mmus	Mmus		1	0	1
OG_1488	HoiH23,TrH2	Placozoa	Hhon,Tadh	1	2	5
OG_1497	Dmel,Mmus	Bilateria		1	0	3
OG_1498	Mmus	Mmus		1	0	1
OG_1525	Dmel,Hhon,HoiH23,Hvul,Mmus,Nvec,Spis,Tadh,TrH2	CniBilPla		1	0	17
OG_1549	Mmus,Spolac	Metazoa	Cnidaria,Dmel,Mlei,Placozoa	1	4	6
OG_155	HoiH23	HoiH23		1	0	1
OG_1550	Hvul	Hvul		1	0	1
OG_1556	Spolac	Spolac		1	0	1
OG_1564	Hhon,HoiH23,Spolac,Tadh,TrH2	Metazoa	CniBil,Mlei	1	2	11
OG_1582	Mmus	Mmus		1	0	1
OG_1588	Mmus	Mmus		1	0	1
OG_1591	Hhon,HoiH23,Tadh,TrH2	Placozoa		1	0	7
OG_16	Hhon,HoiH23,Spis,Tadh,TrH2	CniBilPla	Bilateria,Hvul,Nvec	1	3	14
OG_162	Dmel	Dmel		1	0	1
OG_1620	Dmel,Spis,TrH2	CniBilPla	Hoilungia,Hvul,Mmus,Nvec,Tadh	1	5	10
OG_1641	Tadh	Tadh		1	0	1
OG_165	Spolac	Spolac		1	0	1
OG_1650	Mmus	Mmus		1	0	1
OG_1651	Mmus	Mmus		1	0	1
OG_1656	Dmel	Dmel		1	0	1
OG_1670	Dmel,Tadh	CniBilPla	Cnidaria,Hoilungia,Mmus,TrH2	1	4	7
OG_1689	Mmus	Mmus		1	0	1
OG_1690	Mmus	Mmus		1	0	2
OG_1692	Hvul	Hvul		1	0	1
OG_1693	Hvul	Hvul		1	0	1
OG_1696	Hvul	Hvul		1	0	1
OG_170	Mmus	Mmus		1	0	1
OG_1704	TrH2	TrH2		1	0	1
OG_1709	Dmel,Mmus	Bilateria		1	0	3
OG_1715	Spolac	Spolac		1	0	1
OG_1724	Mmus	Mmus		1	0	1
OG_1732	Mmus	Mmus		1	0	1
OG_1759	Hhon,HoiH23,TrH2	Placozoa	Tadh	1	1	6
OG_1767	Mmus	Mmus		1	0	1
OG_1769	Hhon,HoiH23,Hvul,Mlei,Tadh,TrH2	Metazoa	Anthozoa,Bilateria,Spolac	1	3	18
OG_1774	Hvul,Nvec,TrH2	CniBilPla	Bilateria,Hoilungia,Spis,Tadh	1	4	9
OG_1776	Mmus	Mmus		1	0	1
OG_1786	Mmus	Mmus		1	0	1
OG_1802	Mmus	Mmus		1	0	1
OG_1809	Hvul,Spis	Cnidaria	Nvec	1	1	5
OG_1817	Dmel	Dmel		1	0	1
OG_1821	Hhon,HoiH23,Hvul,Tadh,TrH2	CniBilPla	Anthozoa,Bilateria	1	2	11
OG_1824	Hhon,HoiH23,Nvec,Spis,Tadh,TrH2	CniBilPla	Bilateria,Hvul	1	2	13
OG_1831	Dmel	Dmel		1	0	1
OG_1832	Hvul,Mmus,Nvec	CniBil	Dmel,Spis	1	2	8
OG_1838	Hvul	Hvul		1	0	1
OG_1843	Hvul,Spolac	Metazoa	Anthozoa,Bilateria,Mlei,Placozoa	1	4	6
OG_1852	Hvul,Spolac	Metazoa	Anthozoa,Bilateria,Mlei,Placozoa	1	4	6
OG_1860	Dmel,Mmus	Bilateria		1	0	4
OG_1866	Mmus	Mmus		1	0	2
OG_1880	Hhon,Tadh	Placozoa	HoiH23,TrH2	1	2	5
OG_1898	HoiH23,Tadh,TrH2	Placozoa	Hhon	1	1	6
OG_19	Spolac	Spolac		1	0	1
OG_190	Dmel,Mmus,TrH2	CniBilPla	Cnidaria,Hoilungia,Tadh	1	3	9
OG_1919	Dmel,Mmus	Bilateria		1	0	8
OG_1927	Dmel	Dmel		1	0	1
OG_1948	Hhon	Hhon		1	0	1
OG_1951	Mmus	Mmus		1	0	1
OG_1955	Dmel	Dmel		1	0	1
OG_1977	Hhon	Hhon		1	0	1
OG_1984	Dmel	Dmel		1	0	1
OG_2002	Dmel,Mmus	Bilateria		1	0	6
OG_2003	Mmus	Mmus		1	0	1
OG_2015	Spolac	Spolac		1	0	1
OG_2018	Dmel	Dmel		1	0	1
OG_2026	Mmus	Mmus		1	0	1
OG_2031	Mmus	Mmus		1	0	1
OG_2053	HoiH23,Mmus	CniBilPla	Cnidaria,Dmel,Hhon,Trichoplax	1	4	7
OG_2061	Hvul,Mmus,TrH2	CniBilPla	Anthozoa,Dmel,Hoilungia,Tadh	1	4	9
OG_2064	Spolac	Spolac		1	0	1
OG_2069	TrH2	TrH2		1	0	1
OG_2082	Mmus	Mmus		1	0	1
OG_2090	Dmel,Tadh	CniBilPla	Cnidaria,Hoilungia,Mmus,TrH2	1	4	8
OG_2105	Mmus	Mmus		1	0	1
OG_2122	Mmus	Mmus		1	0	2
OG_2128	Spis	Spis		1	0	1
OG_2133	Spolac	Spolac		1	0	1
OG_2136	Spolac	Spolac		1	0	1
OG_2139	Mlei	Mlei		1	0	1
OG_2140	Mmus	Mmus		1	0	2
OG_216	Dmel,HoiH23,Hvul,Mmus	CniBilPla	Anthozoa,Hhon,Trichoplax	1	3	11
OG_2169	Mmus	Mmus		1	0	2
OG_2178	Mmus	Mmus		1	0	2
OG_2181	Spolac	Spolac		1	0	1
OG_2184	Mmus	Mmus		1	0	1
OG_2186	Mmus	Mmus		1	0	1
OG_219	Mmus	Mmus		1	0	1
OG_2193	Mmus	Mmus		1	0	1
OG_2209	TrH2	TrH2		1	0	1
OG_2221	Spis	Spis		1	0	1
OG_2222	Dmel,Mmus	Bilateria		1	0	8
OG_2224	Mmus	Mmus		1	0	2
OG_2229	Dmel,Hvul	CniBil	Anthozoa,Mmus	1	2	5
OG_2234	Nvec,Spis	Anthozoa		1	0	4
OG_2235	Spis	Spis		1	0	1
OG_2239	TrH2	TrH2		1	0	1
OG_2246	Mmus	Mmus		1	0	1
OG_2252	Dmel,Hvul,Mmus,Nvec,Spis	CniBil		1	0	13
OG_2255	Hhon,HoiH23,Hvul,Tadh,TrH2	CniBilPla	Anthozoa,Bilateria	1	2	12
OG_2256	Mmus	Mmus		1	0	2
OG_2259	Dmel,Hvul,TrH2	CniBilPla	Anthozoa,Hoilungia,Mmus,Tadh	1	4	9
OG_2263	Dmel	Dmel		1	0	2
OG_2267	Hvul	Hvul		1	0	1
OG_2276	Dmel	Dmel		1	0	1
OG_228	Mmus	Mmus		1	0	1
OG_2281	Mlei	Mlei		1	0	1
OG_2282	Dmel,Hvul	CniBil	Anthozoa,Mmus	1	2	5
OG_2283	Dmel	Dmel		1	0	1
OG_2293	Dmel,TrH2	CniBilPla	Cnidaria,Hoilungia,Mmus,Tadh	1	4	7
OG_2302	Spolac	Spolac		1	0	1
OG_2308	Mmus	Mmus		1	0	1
OG_2310	Dmel,Nvec,Spis,Tadh,TrH2	CniBilPla	Hoilungia,Hvul,Mmus	1	3	12
OG_2313	Dmel,Hvul,Mmus,Spis,Tadh,TrH2	CniBilPla	Hoilungia,Nvec	1	2	19
OG_2319	Dmel,Hhon,HoiH23,Hvul,Tadh,TrH2	CniBilPla	Anthozoa,Mmus	1	2	13
OG_2327	Dmel,Mmus	Bilateria		1	0	3
OG_2328	Mmus	Mmus		1	0	1
OG_2330	Mlei	Mlei		1	0	1
OG_2341	HoiH23,Tadh	Placozoa	Hhon,TrH2	1	2	5
OG_2345	Dmel,Hhon,HoiH23,Mmus,Nvec,Tadh,TrH2	CniBilPla	Hvul,Spis	1	2	16
OG_2346	Dmel	Dmel		1	0	1
OG_2347	Mmus	Mmus		1	0	2
OG_236	Mmus	Mmus		1	0	1
OG_2361	Dmel	Dmel		1	0	2
OG_2365	Mlei	Mlei		1	0	1
OG_2376	Hvul,Nvec,Spis	Cnidaria		1	0	6
OG_2380	Dmel	Dmel		1	0	1
OG_2382	Mmus	Mmus		1	0	2
OG_2400	Mmus	Mmus		1	0	1
OG_2401	Hvul	Hvul		1	0	1
OG_2408	Hvul	Hvul		1	0	1
OG_2415	Hhon	Hhon		1	0	1
OG_2421	Hhon,HoiH23,Tadh,TrH2	Placozoa		1	0	7
OG_2436	Mmus	Mmus		1	0	1
OG_2440	Hvul,Spis	Cnidaria	Nvec	1	1	5
OG_2444	Hvul	Hvul		1	0	1
OG_2445	Mmus	Mmus		1	0	1
OG_2446	Mmus	Mmus		1	0	1
OG_2457	Mmus,Tadh	CniBilPla	Cnidaria,Dmel,Hoilungia,TrH2	1	4	7
OG_2459	Hvul,Mmus,Nvec,Spis	CniBil	Dmel	1	1	10
OG_2462	Mmus	Mmus		1	0	1
OG_2469	Dmel,Hvul	CniBil	Anthozoa,Mmus	1	2	6
OG_2473	Hvul	Hvul		1	0	1
OG_2476	Dmel,Mmus	Bilateria		1	0	3
OG_2483	Mmus	Mmus		1	0	1
OG_2486	Dmel,Mlei	Metazoa	Cnidaria,Mmus,Placozoa,Spolac	1	4	6
OG_2490	Spis	Spis		1	0	1
OG_2493	Spis	Spis		1	0	1
OG_250	Mmus	Mmus		1	0	1
OG_2503	Hvul,Mmus	CniBil	Anthozoa,Dmel	1	2	5
OG_2512	Hvul	Hvul		1	0	1
OG_2514	Mmus	Mmus		1	0	1
OG_2517	Mmus	Mmus		1	0	1
OG_2525	HoiH23	HoiH23		1	0	1
OG_2528	Dmel,Hvul,Mlei,Mmus	Metazoa	Anthozoa,Placozoa,Spolac	1	3	9
OG_2536	Mmus	Mmus		1	0	2
OG_2544	Spolac	Spolac		1	0	1
OG_2556	Hvul	Hvul		1	0	1
OG_2559	HoiH23,Nvec,Spis,TrH2	CniBilPla	Bilateria,Hhon,Hvul,Tadh	1	4	11
OG_2565	Dmel,Hhon,Tadh,TrH2	CniBilPla	Cnidaria,HoiH23,Mmus	1	3	10
OG_2575	Dmel	Dmel		1	0	5
OG_2579	TrH2	TrH2		1	0	1
OG_2595	Mmus	Mmus		1	0	1
OG_2599	Hhon,Spolac	Metazoa	CniBil,HoiH23,Mlei,Trichoplax	1	4	6
OG_2600	Hvul	Hvul		1	0	1
OG_2603	Hhon,Tadh,TrH2	Placozoa	HoiH23	1	1	6
OG_2609	Hvul	Hvul		1	0	1
OG_2611	Hvul	Hvul		1	0	1
OG_2613	Spis	Spis		1	0	1
OG_2617	Hvul	Hvul		1	0	1
OG_2623	Spolac	Spolac		1	0	1
OG_2637	Mmus	Mmus		1	0	1
OG_265	Hvul	Hvul		1	0	1
OG_2651	Mlei	Mlei		1	0	1
OG_2655	Hvul,Mmus	CniBil	Anthozoa,Dmel	1	2	6
OG_2661	Hvul	Hvul		1	0	1
OG_2662	Dmel	Dmel		1	0	1
OG_2663	Hvul	Hvul		1	0	1
OG_2668	Mmus	Mmus		1	0	1
OG_2678	Dmel,HoiH23,Hvul,Mmus,Spolac,Tadh,TrH2	Metazoa	Anthozoa,Hhon,Mlei	1	3	17
OG_2685	Dmel	Dmel		1	0	1
OG_269	Mmus	Mmus		1	0	1
OG_2693	Hhon	Hhon		1	0	1
OG_2695	Spolac	Spolac		1	0	1
OG_2696	Mmus	Mmus		1	0	1
OG_2714	Spis	Spis		1	0	3
OG_2717	Tadh	Tadh		1	0	1
OG_2726	Dmel	Dmel		1	0	2
OG_2729	Mmus	Mmus		1	0	1
OG_2745	Dmel,Mmus	Bilateria		1	0	3
OG_2748	Dmel,Mmus,Spolac	Metazoa	Cnidaria,Mlei,Placozoa	1	3	7
OG_2755	Mmus	Mmus		1	0	1
OG_2767	Spolac	Spolac		1	0	1
OG_277	Hvul	Hvul		1	0	1
OG_2770	Mlei	Mlei		1	0	1
OG_2771	Dmel	Dmel		1	0	2
OG_2772	Dmel	Dmel		1	0	2
OG_2773	Mmus	Mmus		1	0	1
OG_2774	Tadh	Tadh		1	0	1
OG_2778	Spis	Spis		1	0	1
OG_2785	Hhon,Hvul	CniBilPla	Anthozoa,Bilateria,HoiH23,Trichoplax	1	4	7
OG_2789	Mmus	Mmus		1	0	1
OG_2790	HoiH23	HoiH23		1	0	1
OG_2804	Hhon,Nvec,TrH2	CniBilPla	Bilateria,HoiH23,Hvul,Spis,Tadh	1	5	10
OG_2814	Dmel	Dmel		1	0	1
OG_2816	Mmus	Mmus		1	0	1
OG_2829	Dmel	Dmel		1	0	1
OG_2840	Dmel	Dmel		1	0	1
OG_2844	Dmel	Dmel		1	0	2
OG_2847	Mmus	Mmus		1	0	1
OG_2850	Spolac	Spolac		1	0	1
OG_2852	Spolac	Spolac		1	0	1
OG_2853	TrH2	TrH2		1	0	1
OG_2857	Hvul,Spolac,TrH2	Metazoa	Anthozoa,Bilateria,Hoilungia,Mlei,Tadh	1	5	9
OG_2858	Dmel,TrH2	CniBilPla	Cnidaria,Hoilungia,Mmus,Tadh	1	4	7
OG_2866	Dmel	Dmel		1	0	1
OG_2869	Hvul	Hvul		1	0	1
OG_2871	Dmel,Hvul,Mmus	CniBil	Anthozoa	1	1	9
OG_2873	Hvul	Hvul		1	0	1
OG_291	Hvul	Hvul		1	0	1
OG_2918	Dmel	Dmel		1	0	1
OG_2924	Dmel	Dmel		1	0	1
OG_2931	Mmus	Mmus		1	0	1
OG_2934	Hvul	Hvul		1	0	1
OG_2941	Mmus,TrH2	CniBilPla	Cnidaria,Dmel,Hoilungia,Tadh	1	4	7
OG_2943	Mmus	Mmus		1	0	1
OG_295	Mmus	Mmus		1	0	1
OG_2950	Hhon,TrH2	Placozoa	HoiH23,Tadh	1	2	5
OG_2951	Dmel	Dmel		1	0	2
OG_2957	Mmus	Mmus		1	0	1
OG_2961	Dmel	Dmel		1	0	1
OG_2968	Dmel,Hhon,HoiH23,Hvul,Mmus,Tadh,TrH2	CniBilPla	Anthozoa	1	1	22
OG_2969	Dmel	Dmel		1	0	1
OG_2973	Mmus	Mmus		1	0	4
OG_2977	Mmus	Mmus		1	0	1
OG_2979	Mlei	Mlei		1	0	1
OG_2985	Dmel	Dmel		1	0	1
OG_2988	Mmus	Mmus		1	0	1
OG_2989	Mmus	Mmus		1	0	1
OG_2997	Dmel,Hhon,HoiH23,Mmus,Tadh	CniBilPla	Cnidaria,TrH2	1	2	12
OG_2998	Dmel,Mmus	Bilateria		1	0	3
OG_3003	Dmel,HoiH23,Mmus,Spolac	Metazoa	Cnidaria,Hhon,Mlei,Trichoplax	1	4	11
OG_3008	Mmus	Mmus		1	0	1
OG_3011	Mmus	Mmus		1	0	1
OG_3018	Dmel	Dmel		1	0	1
OG_303	Dmel	Dmel		1	0	1
OG_3039	Mmus	Mmus		1	0	1
OG_3045	Hhon,Tadh,TrH2	Placozoa	HoiH23	1	1	6
OG_3059	Dmel,HoiH23,Mmus,Tadh	CniBilPla	Cnidaria,Hhon,TrH2	1	3	11
OG_3060	Tadh	Tadh		1	0	1
OG_3067	Mmus	Mmus		1	0	2
OG_3068	Dmel	Dmel		1	0	1
OG_3072	Hhon,HoiH23,Tadh	Placozoa	TrH2	1	1	6
OG_3079	Dmel	Dmel		1	0	1
OG_3080	Hvul	Hvul		1	0	1
OG_3081	Hhon,HoiH23,TrH2	Placozoa	Tadh	1	1	6
OG_3086	Dmel,Spis	CniBil	Hvul,Mmus,Nvec	1	3	9
OG_3087	Dmel	Dmel		1	0	1
OG_309	Mmus	Mmus		1	0	1
OG_3094	Hhon,HoiH23,TrH2	Placozoa	Tadh	1	1	6
OG_31	Mmus,Spolac	Metazoa	Cnidaria,Dmel,Mlei,Placozoa	1	4	6
OG_3104	Dmel,Mlei,Mmus	Metazoa	Cnidaria,Placozoa,Spolac	1	3	7
OG_3105	Dmel,Mmus	Bilateria		1	0	8
OG_3109	Hvul	Hvul		1	0	1
OG_3112	Hhon	Hhon		1	0	1
OG_3113	Mmus,Spis	CniBil	Dmel,Hvul,Nvec	1	3	6
OG_3116	Dmel,Hvul	CniBil	Anthozoa,Mmus	1	2	5
OG_3117	Dmel	Dmel		1	0	1
OG_3120	Mmus	Mmus		1	0	1
OG_3126	Mmus	Mmus		1	0	1
OG_3133	Mmus	Mmus		1	0	3
OG_3136	Tadh	Tadh		1	0	1
OG_3138	Dmel	Dmel		1	0	1
OG_3144	Dmel	Dmel		1	0	1
OG_3151	Hhon,HoiH23,TrH2	Placozoa	Tadh	1	1	6
OG_3153	Dmel	Dmel		1	0	1
OG_3155	Hhon,HoiH23,Tadh,TrH2	Placozoa		1	0	7
OG_3158	Dmel	Dmel		1	0	2
OG_3162	Mmus	Mmus		1	0	1
OG_3163	Hvul	Hvul		1	0	1
OG_3166	Mmus	Mmus		1	0	1
OG_3178	Mmus	Mmus		1	0	1
OG_3180	Hhon,HoiH23,Nvec,Tadh,TrH2	CniBilPla	Bilateria,Hvul,Spis	1	3	16
OG_3181	Hvul,Mmus	CniBil	Anthozoa,Dmel	1	2	5
OG_3183	Mmus	Mmus		1	0	1
OG_3184	Mmus	Mmus		1	0	1
OG_3189	Hhon	Hhon		1	0	1
OG_3212	Hhon,HoiH23,Tadh,TrH2	Placozoa		1	0	7
OG_3216	Mmus	Mmus		1	0	1
OG_3218	Dmel,Hvul	CniBil	Anthozoa,Mmus	1	2	5
OG_3225	HoiH23,Tadh,TrH2	Placozoa	Hhon	1	1	6
OG_3231	HoiH23,Hvul	CniBilPla	Anthozoa,Bilateria,Hhon,Trichoplax	1	4	7
OG_3241	Hhon,HoiH23,Hvul	CniBilPla	Anthozoa,Bilateria,Trichoplax	1	3	8
OG_3254	TrH2	TrH2		1	0	1
OG_3260	HoiH23	HoiH23		1	0	1
OG_3272	Dmel	Dmel		1	0	1
OG_3275	Hhon,HoiH23,Hvul,Tadh,TrH2	CniBilPla	Anthozoa,Bilateria	1	2	11
OG_3278	Dmel,Hhon,HoiH23,Hvul,Mmus,Tadh,TrH2	CniBilPla	Anthozoa	1	1	15
OG_3289	Mlei	Mlei		1	0	1
OG_3292	Spolac	Spolac		1	0	1
OG_3298	Dmel,Mmus,Nvec	CniBil	Hvul,Spis	1	2	8
OG_3315	Mmus	Mmus		1	0	2
OG_3323	Hvul,Mmus,Spolac	Metazoa	Anthozoa,Dmel,Mlei,Placozoa	1	4	9
OG_3324	Dmel,Hvul,Mmus	CniBil	Anthozoa	1	1	7
OG_3333	HoiH23,Mmus	CniBilPla	Cnidaria,Dmel,Hhon,Trichoplax	1	4	7
OG_3344	Dmel,Spis	CniBil	Hvul,Mmus,Nvec	1	3	6
OG_3347	Spolac	Spolac		1	0	1
OG_336	Mmus	Mmus		1	0	1
OG_3360	Mmus	Mmus		1	0	1
OG_3362	Dmel,Hhon,HoiH23,Mmus,Nvec,Spis	CniBilPla	Hvul,Trichoplax	1	2	18
OG_3371	Dmel	Dmel		1	0	1
OG_3373	TrH2	TrH2		1	0	1
OG_3376	Spolac	Spolac		1	0	1
OG_3390	Mmus	Mmus		1	0	1
OG_3394	Mmus	Mmus		1	0	1
OG_340	Hvul,Nvec,Spis	Cnidaria		1	0	5
OG_3402	Hvul,Nvec	Cnidaria	Spis	1	1	4
OG_3405	Dmel,Mlei	Metazoa	Cnidaria,Mmus,Placozoa,Spolac	1	4	6
OG_341	Hvul,Mmus	CniBil	Anthozoa,Dmel	1	2	7
OG_3410	Mmus	Mmus		1	0	1
OG_342	Mmus	Mmus		1	0	1
OG_3426	Hvul	Hvul		1	0	1
OG_3427	Dmel	Dmel		1	0	1
OG_3446	Hvul	Hvul		1	0	1
OG_3454	Spolac	Spolac		1	0	1
OG_3463	Mmus	Mmus		1	0	1
OG_3468	Dmel	Dmel		1	0	3
OG_3470	Dmel,Hhon,HoiH23,Mmus,Tadh,TrH2	CniBilPla	Cnidaria	1	1	12
OG_3478	Dmel,Mmus	Bilateria		1	0	9
OG_3491	Dmel,Mmus	Bilateria		1	0	3
OG_3494	Hvul	Hvul		1	0	1
OG_3495	TrH2	TrH2		1	0	1
OG_3496	Spolac	Spolac		1	0	1
OG_350	Mmus	Mmus		1	0	2
OG_3501	Hvul,Nvec,Spis	Cnidaria		1	0	5
OG_3505	Spis	Spis		1	0	1
OG_3508	Dmel	Dmel		1	0	1
OG_3519	Dmel,Mmus	Bilateria		1	0	3
OG_3532	Spolac	Spolac		1	0	1
OG_3537	Dmel,Hhon,HoiH23,Tadh,TrH2	CniBilPla	Cnidaria,Mmus	1	2	11
OG_3555	Mmus	Mmus		1	0	1
OG_356	Spolac	Spolac		1	0	1
OG_3560	HoiH23,TrH2	Placozoa	Hhon,Tadh	1	2	5
OG_3564	HoiH23	HoiH23		1	0	1
OG_3566	Dmel,Hvul,Mmus,Spis	CniBil	Nvec	1	1	8
OG_3571	HoiH23,Tadh,TrH2	Placozoa	Hhon	1	1	6
OG_3576	HoiH23	HoiH23		1	0	1
OG_3584	Dmel	Dmel		1	0	1
OG_3588	Dmel,Hvul,Mmus	CniBil	Anthozoa	1	1	12
OG_3594	HoiH23,Mmus,Tadh,TrH2	CniBilPla	Cnidaria,Dmel,Hhon	1	3	10
OG_3597	Mmus	Mmus		1	0	1
OG_3600	Mmus	Mmus		1	0	1
OG_3601	Mlei	Mlei		1	0	1
OG_3604	Hvul	Hvul		1	0	1
OG_3608	Spolac	Spolac		1	0	1
OG_3609	Spolac	Spolac		1	0	1
OG_3626	Dmel	Dmel		1	0	2
OG_3635	Dmel,Hvul,Mmus	CniBil	Anthozoa	1	1	9
OG_364	Mmus,Spolac	Metazoa	Cnidaria,Dmel,Mlei,Placozoa	1	4	6
OG_3645	Mmus	Mmus		1	0	1
OG_3655	Hhon	Hhon		1	0	1
OG_3660	Dmel	Dmel		1	0	1
OG_3671	Hhon,HoiH23,Tadh,TrH2	Placozoa		1	0	9
OG_3676	Hvul,Tadh,TrH2	CniBilPla	Anthozoa,Bilateria,Hoilungia	1	3	9
OG_368	Tadh	Tadh		1	0	1
OG_3687	Hhon,Hvul,TrH2	CniBilPla	Anthozoa,Bilateria,HoiH23,Tadh	1	4	9
OG_3693	Mmus	Mmus		1	0	1
OG_3697	Hvul	Hvul		1	0	1
OG_37	Hhon,HoiH23	Hoilungia		1	0	3
OG_3712	Dmel	Dmel		1	0	1
OG_3723	Mmus	Mmus		1	0	1
OG_3739	Dmel,Hvul,Mmus	CniBil	Anthozoa	1	1	9
OG_3740	TrH2	TrH2		1	0	1
OG_3746	Dmel	Dmel		1	0	1
OG_3747	Mmus	Mmus		1	0	1
OG_3771	Hvul,Nvec	Cnidaria	Spis	1	1	4
OG_3772	Dmel,Mmus	Bilateria		1	0	3
OG_3792	Spolac	Spolac		1	0	1
OG_3794	Spolac	Spolac		1	0	1
OG_3810	Mmus	Mmus		1	0	1
OG_3812	Mmus	Mmus		1	0	1
OG_3824	Mmus	Mmus		1	0	1
OG_3826	Dmel	Dmel		1	0	1
OG_3836	Dmel	Dmel		1	0	1
OG_3840	Hvul,Mmus	CniBil	Anthozoa,Dmel	1	2	5
OG_3846	Dmel	Dmel		1	0	3
OG_3853	Spolac	Spolac		1	0	1
OG_3860	Spolac	Spolac		1	0	1
OG_3866	Spolac	Spolac		1	0	1
OG_3872	Mmus,Spolac	Metazoa	Cnidaria,Dmel,Mlei,Placozoa	1	4	6
OG_3875	Spolac	Spolac		1	0	2
OG_3883	Mmus	Mmus		1	0	1
OG_3894	Dmel,Nvec,Spis	CniBil	Hvul,Mmus	1	2	7
OG_3896	Hhon,HoiH23,Tadh,TrH2	Placozoa		1	0	7
OG_3904	Dmel	Dmel		1	0	1
OG_3912	Dmel,Mmus	Bilateria		1	0	3
OG_3919	Mlei	Mlei		1	0	1
OG_3949	Mmus	Mmus		1	0	1
OG_3950	Mmus	Mmus		1	0	1
OG_3965	Mmus	Mmus		1	0	1
OG_3968	Hvul	Hvul		1	0	1
OG_3971	Dmel	Dmel		1	0	1
OG_3990	Dmel	Dmel		1	0	1
OG_4000	Spolac	Spolac		1	0	1
OG_4007	HoiH23,Mmus,Tadh,TrH2	CniBilPla	Cnidaria,Dmel,Hhon	1	3	10
OG_4014	HoiH23	HoiH23		1	0	1
OG_4025	Mmus	Mmus		1	0	1
OG_4026	Mmus	Mmus		1	0	1
OG_4029	Dmel	Dmel		1	0	1
OG_403	Spolac	Spolac		1	0	1
OG_4032	Mmus	Mmus		1	0	1
OG_4033	Hhon,Hvul,Spolac	Metazoa	Anthozoa,Bilateria,HoiH23,Mlei,Trichoplax	1	5	9
OG_4034	Mmus,Spolac	Metazoa	Cnidaria,Dmel,Mlei,Placozoa	1	4	6
OG_4038	Mmus	Mmus		1	0	1
OG_4047	Hhon	Hhon		1	0	1
OG_4051	Dmel	Dmel		1	0	1
OG_4052	Mmus	Mmus		1	0	1
OG_4053	Mmus,Spolac	Metazoa	Cnidaria,Dmel,Mlei,Placozoa	1	4	6
OG_4060	Hvul,TrH2	CniBilPla	Anthozoa,Bilateria,Hoilungia,Tadh	1	4	7
OG_4066	TrH2	TrH2		1	0	1
OG_4067	Dmel	Dmel		1	0	9
OG_4069	Hvul	Hvul		1	0	1
OG_4070	Hhon,HoiH23,Nvec,Spis,Tadh,TrH2	CniBilPla	Bilateria,Hvul	1	2	15
OG_4079	TrH2	TrH2		1	0	1
OG_4081	Dmel,Spolac	Metazoa	Cnidaria,Mlei,Mmus,Placozoa	1	4	6
OG_4082	Dmel,HoiH23,Nvec,Spis,Tadh,TrH2	CniBilPla	Hhon,Hvul,Mmus	1	3	14
OG_409	HoiH23,Mmus	CniBilPla	Cnidaria,Dmel,Hhon,Trichoplax	1	4	7
OG_4091	Dmel,Tadh,TrH2	CniBilPla	Cnidaria,Hoilungia,Mmus	1	3	8
OG_4096	Dmel,Hhon,HoiH23,TrH2	CniBilPla	Cnidaria,Mmus,Tadh	1	3	11
OG_411	Dmel,Hhon,HoiH23,Hvul,TrH2	CniBilPla	Anthozoa,Mmus,Tadh	1	3	12
OG_412	Mmus	Mmus		1	0	1
OG_4129	Spolac	Spolac		1	0	1
OG_4131	Dmel,Spis	CniBil	Hvul,Mmus,Nvec	1	3	6
OG_4132	Hhon	Hhon		1	0	1
OG_4147	Hhon,HoiH23	Hoilungia		1	0	3
OG_4152	HoiH23,TrH2	Placozoa	Hhon,Tadh	1	2	5
OG_4153	Dmel	Dmel		1	0	1
OG_4156	HoiH23,TrH2	Placozoa	Hhon,Tadh	1	2	5
OG_4162	HoiH23,Tadh	Placozoa	Hhon,TrH2	1	2	5
OG_4164	Mmus	Mmus		1	0	2
OG_4171	Hhon,HoiH23,Tadh,TrH2	Placozoa		1	0	7
OG_4173	Hvul,Mmus,Spolac	Metazoa	Anthozoa,Dmel,Mlei,Placozoa	1	4	8
OG_4174	Dmel,Mmus	Bilateria		1	0	3
OG_4175	Dmel	Dmel		1	0	1
OG_418	Dmel	Dmel		1	0	1
OG_4184	Hhon,HoiH23,Tadh,TrH2	Placozoa		1	0	7
OG_4190	Hhon,HoiH23,TrH2	Placozoa	Tadh	1	1	6
OG_4191	HoiH23,TrH2	Placozoa	Hhon,Tadh	1	2	5
OG_4200	Tadh,TrH2	Trichoplax		1	0	3
OG_4204	Hvul,Mmus	CniBil	Anthozoa,Dmel	1	2	6
OG_4216	Hhon,Tadh	Placozoa	HoiH23,TrH2	1	2	5
OG_4218	Mmus,Nvec	CniBil	Dmel,Hvul,Spis	1	3	6
OG_4224	Dmel	Dmel		1	0	1
OG_4234	HoiH23,Tadh,TrH2	Placozoa	Hhon	1	1	6
OG_424	Hhon,HoiH23	Hoilungia		1	0	3
OG_4240	Mmus	Mmus		1	0	1
OG_4248	HoiH23	HoiH23		1	0	1
OG_4256	Hhon	Hhon		1	0	1
OG_4277	Hhon,Tadh,TrH2	Placozoa	HoiH23	1	1	6
OG_4341	Mmus	Mmus		1	0	1
OG_4348	Mmus	Mmus		1	0	1
OG_4359	Mmus	Mmus		1	0	1
OG_4365	Mmus	Mmus		1	0	1
OG_437	Tadh,TrH2	Trichoplax		1	0	3
OG_4373	Dmel,Hhon,HoiH23,Mmus,Spolac,Tadh,TrH2	Metazoa	Cnidaria,Mlei	1	2	14
OG_4375	Spis	Spis		1	0	1
OG_438	Spolac	Spolac		1	0	1
OG_4398	Hhon,HoiH23	Hoilungia		1	0	3
OG_4402	Hhon	Hhon		1	0	1
OG_4403	TrH2	TrH2		1	0	1
OG_4407	Hhon	Hhon		1	0	1
OG_4415	Hhon,Tadh,TrH2	Placozoa	HoiH23	1	1	6
OG_4420	Mmus	Mmus		1	0	1
OG_4425	Mmus	Mmus		1	0	2
OG_4427	Tadh	Tadh		1	0	1
OG_4431	Nvec	Nvec		1	0	1
OG_4434	Hhon,HoiH23,Tadh,TrH2	Placozoa		1	0	7
OG_4439	Hhon,HoiH23,Spis,Tadh	CniBilPla	Bilateria,Hvul,Nvec,TrH2	1	4	11
OG_4449	Dmel,Mmus	Bilateria		1	0	4
OG_4450	Dmel,Mmus	Bilateria		1	0	4
OG_4452	Hhon,HoiH23,TrH2	Placozoa	Tadh	1	1	6
OG_4453	Tadh,TrH2	Trichoplax		1	0	3
OG_4458	Dmel,Hvul,Mmus,Spis	CniBil	Nvec	1	1	10
OG_4459	Dmel,Tadh	CniBilPla	Cnidaria,Hoilungia,Mmus,TrH2	1	4	7
OG_4461	Hhon,HoiH23,Tadh,TrH2	Placozoa		1	0	7
OG_4477	TrH2	TrH2		1	0	1
OG_4480	Dmel,Hhon,HoiH23,Mmus,Tadh,TrH2	CniBilPla	Cnidaria	1	1	12
OG_4482	Hvul,Mlei,Mmus,TrH2	Metazoa	Anthozoa,Dmel,Hoilungia,Spolac,Tadh	1	5	13
OG_4490	Hhon,HoiH23,Mmus,Spolac,TrH2	Metazoa	Cnidaria,Dmel,Mlei,Tadh	1	4	12
OG_4496	Hvul	Hvul		1	0	1
OG_4502	Nvec	Nvec		1	0	1
OG_4507	Mmus	Mmus		1	0	1
OG_4513	Hvul	Hvul		1	0	1
OG_4519	Dmel	Dmel		1	0	1
OG_4540	Mmus	Mmus		1	0	1
OG_4541	Dmel,Hhon,HoiH23,Hvul,Mmus,Spis,Tadh,TrH2	CniBilPla	Nvec	1	1	17
OG_4547	Hvul,Mmus	CniBil	Anthozoa,Dmel	1	2	5
OG_4554	Hvul	Hvul		1	0	2
OG_4569	Dmel	Dmel		1	0	1
OG_4571	Mmus	Mmus		1	0	1
OG_4574	Dmel,Mmus	Bilateria		1	0	3
OG_4575	Spolac	Spolac		1	0	1
OG_4580	Spis	Spis		1	0	1
OG_4583	Mmus	Mmus		1	0	1
OG_4591	Mmus	Mmus		1	0	1
OG_4594	Dmel	Dmel		1	0	1
OG_46	Spolac	Spolac		1	0	1
OG_4600	Hvul	Hvul		1	0	1
OG_4604	Dmel	Dmel		1	0	1
OG_4611	Hvul,Nvec,Spis	Cnidaria		1	0	5
OG_4615	Spis	Spis		1	0	1
OG_4616	Spolac	Spolac		1	0	1
OG_4617	Dmel,Hvul	CniBil	Anthozoa,Mmus	1	2	5
OG_4620	Dmel	Dmel		1	0	1
OG_4623	Mmus	Mmus		1	0	1
OG_4624	Hvul,Mmus,Nvec,Spis	CniBil	Dmel	1	1	9
OG_4625	Dmel,Mmus	Bilateria		1	0	5
OG_4626	Hvul,Mmus,Nvec	CniBil	Dmel,Spis	1	2	7
OG_4627	Spolac	Spolac		1	0	1
OG_4631	Mmus	Mmus		1	0	1
OG_4638	Dmel,Hvul	CniBil	Anthozoa,Mmus	1	2	5
OG_466	Hvul	Hvul		1	0	2
OG_4660	HoiH23	HoiH23		1	0	1
OG_4667	Dmel	Dmel		1	0	1
OG_4670	Spolac	Spolac		1	0	1
OG_4681	Dmel	Dmel		1	0	2
OG_4684	Mmus	Mmus		1	0	1
OG_4691	Dmel	Dmel		1	0	2
OG_4717	Nvec,TrH2	CniBilPla	Bilateria,Hoilungia,Hvul,Spis,Tadh	1	5	8
OG_4728	Nvec	Nvec		1	0	1
OG_4735	Dmel	Dmel		1	0	1
OG_4745	Dmel	Dmel		1	0	1
OG_4751	Spis	Spis		1	0	1
OG_4754	Mmus	Mmus		1	0	1
OG_4755	Spolac	Spolac		1	0	1
OG_4758	Hhon,Spis	CniBilPla	Bilateria,HoiH23,Hvul,Nvec,Trichoplax	1	5	8
OG_4761	Spolac	Spolac		1	0	1
OG_4779	Hhon,Hvul	CniBilPla	Anthozoa,Bilateria,HoiH23,Trichoplax	1	4	7
OG_4785	HoiH23,Tadh	Placozoa	Hhon,TrH2	1	2	5
OG_4789	Tadh	Tadh		1	0	1
OG_4790	Hhon,HoiH23,Tadh,TrH2	Placozoa		1	0	7
OG_4791	Spolac	Spolac		1	0	1
OG_4797	Hvul	Hvul		1	0	1
OG_4799	Hvul	Hvul		1	0	1
OG_4800	Dmel,Mmus	Bilateria		1	0	5
OG_4828	Mmus	Mmus		1	0	2
OG_4836	Dmel	Dmel		1	0	1
OG_4843	Hvul,Spis	Cnidaria	Nvec	1	1	4
OG_4851	Mmus	Mmus		1	0	1
OG_4852	Spis	Spis		1	0	2
OG_4888	Mmus	Mmus		1	0	2
OG_489	Hvul	Hvul		1	0	1
OG_4902	Mmus	Mmus		1	0	1
OG_4922	Dmel,Hhon,HoiH23,Tadh,TrH2	CniBilPla	Cnidaria,Mmus	1	2	11
OG_4925	Mmus	Mmus		1	0	1
OG_4935	Nvec	Nvec		1	0	1
OG_495	Mlei,Mmus	Metazoa	Cnidaria,Dmel,Placozoa,Spolac	1	4	6
OG_4951	Dmel	Dmel		1	0	1
OG_4954	Hvul	Hvul		1	0	1
OG_4969	TrH2	TrH2		1	0	1
OG_4973	HoiH23,Tadh	Placozoa	Hhon,TrH2	1	2	5
OG_5002	Hhon,Tadh,TrH2	Placozoa	HoiH23	1	1	6
OG_5004	Dmel,Nvec	CniBil	Hvul,Mmus,Spis	1	3	6
OG_5006	HoiH23,TrH2	Placozoa	Hhon,Tadh	1	2	5
OG_5007	Spis	Spis		1	0	1
OG_5010	Hhon,Tadh,TrH2	Placozoa	HoiH23	1	1	6
OG_5015	HoiH23,Tadh,TrH2	Placozoa	Hhon	1	1	6
OG_5028	Hvul	Hvul		1	0	1
OG_5038	Mmus	Mmus		1	0	1
OG_5041	Mmus	Mmus		1	0	1
OG_505	Spolac	Spolac		1	0	1
OG_5050	Hhon,HoiH23,Mmus,Tadh,TrH2	CniBilPla	Cnidaria,Dmel	1	2	11
OG_5062	Dmel,Mmus	Bilateria		1	0	3
OG_5069	Hhon	Hhon		1	0	1
OG_507	Mmus	Mmus		1	0	1
OG_5078	Dmel	Dmel		1	0	1
OG_5079	Hvul	Hvul		1	0	1
OG_5101	Hvul	Hvul		1	0	1
OG_5103	HoiH23	HoiH23		1	0	1
OG_5107	Tadh,TrH2	Trichoplax		1	0	3
OG_512	Tadh	Tadh		1	0	1
OG_5122	Spis	Spis		1	0	1
OG_5126	Spolac	Spolac		1	0	1
OG_5139	TrH2	TrH2		1	0	1
OG_5144	HoiH23,Tadh,TrH2	Placozoa	Hhon	1	1	6
OG_5147	Nvec,Spis	Anthozoa		1	0	3
OG_516	Hvul	Hvul		1	0	1
OG_5160	Dmel,HoiH23,Mmus,Tadh,TrH2	CniBilPla	Cnidaria,Hhon	1	2	11
OG_5163	Hvul	Hvul		1	0	1
OG_5171	Spolac	Spolac		1	0	1
OG_5172	Nvec	Nvec		1	0	1
OG_5173	Dmel,Mmus	Bilateria		1	0	3
OG_5176	Hhon,HoiH23,Tadh,TrH2	Placozoa		1	0	9
OG_5180	HoiH23,Tadh,TrH2	Placozoa	Hhon	1	1	6
OG_5198	Hvul	Hvul		1	0	1
OG_5200	Mmus	Mmus		1	0	1
OG_5207	Spolac	Spolac		1	0	1
OG_521	Mmus	Mmus		1	0	1
OG_5223	Hhon,HoiH23,Tadh,TrH2	Placozoa		1	0	7
OG_5228	Dmel	Dmel		1	0	1
OG_5237	Dmel	Dmel		1	0	1
OG_524	Hhon	Hhon		1	0	1
OG_5244	Spolac	Spolac		1	0	1
OG_5245	Spolac	Spolac		1	0	1
OG_5262	Mmus	Mmus		1	0	1
OG_5268	Hvul	Hvul		1	0	1
OG_527	Dmel	Dmel		1	0	1
OG_5284	Hvul	Hvul		1	0	1
OG_5290	Dmel	Dmel		1	0	3
OG_5305	Spis	Spis		1	0	1
OG_531	Dmel	Dmel		1	0	1
OG_5310	TrH2	TrH2		1	0	1
OG_5315	Dmel	Dmel		1	0	1
OG_5323	Hhon,HoiH23,TrH2	Placozoa	Tadh	1	1	6
OG_5324	Dmel	Dmel		1	0	1
OG_5326	Mmus	Mmus		1	0	1
OG_5332	Hhon	Hhon		1	0	1
OG_534	Mmus	Mmus		1	0	1
OG_5363	Mmus	Mmus		1	0	1
OG_538	Mmus	Mmus		1	0	1
OG_5405	HoiH23,Tadh,TrH2	Placozoa	Hhon	1	1	6
OG_5424	Spolac	Spolac		1	0	1
OG_5438	Nvec	Nvec		1	0	1
OG_544	Dmel,Mmus	Bilateria		1	0	3
OG_545	Mmus	Mmus		1	0	1
OG_5458	Spis	Spis		1	0	1
OG_5460	Hvul	Hvul		1	0	1
OG_549	Spolac	Spolac		1	0	1
OG_5521	Tadh,TrH2	Trichoplax		1	0	3
OG_5566	Spolac	Spolac		1	0	1
OG_557	Dmel	Dmel		1	0	1
OG_5617	Hvul	Hvul		1	0	1
OG_5632	Spis	Spis		1	0	1
OG_5637	Spis	Spis		1	0	1
OG_566	Dmel,Spolac	Metazoa	Cnidaria,Mlei,Mmus,Placozoa	1	4	7
OG_5683	Dmel,Mmus	Bilateria		1	0	3
OG_5737	Dmel	Dmel		1	0	1
OG_5757	Mmus	Mmus		1	0	1
OG_5761	Tadh,TrH2	Trichoplax		1	0	3
OG_5766	HoiH23	HoiH23		1	0	1
OG_5769	Dmel,Hhon,HoiH23,Hvul,Tadh,TrH2	CniBilPla	Anthozoa,Mmus	1	2	13
OG_577	Mmus	Mmus		1	0	1
OG_5782	TrH2	TrH2		1	0	1
OG_5784	Mmus	Mmus		1	0	1
OG_5785	Dmel	Dmel		1	0	1
OG_5788	Dmel	Dmel		1	0	1
OG_5817	Hvul	Hvul		1	0	1
OG_5832	TrH2	TrH2		1	0	1
OG_5848	Hvul	Hvul		1	0	1
OG_5851	Spolac	Spolac		1	0	1
OG_5852	Mmus	Mmus		1	0	1
OG_5875	Mmus	Mmus		1	0	1
OG_589	Mmus	Mmus		1	0	1
OG_5898	Spolac	Spolac		1	0	1
OG_5910	Dmel	Dmel		1	0	1
OG_5940	Mmus	Mmus		1	0	1
OG_5956	Tadh,TrH2	Trichoplax		1	0	3
OG_5960	Mmus	Mmus		1	0	1
OG_5990	HoiH23	HoiH23		1	0	1
OG_5992	HoiH23	HoiH23		1	0	1
OG_6038	Dmel,Mmus,Tadh,TrH2	CniBilPla	Cnidaria,Hoilungia	1	2	10
OG_6047	Mmus	Mmus		1	0	1
OG_6064	Mmus	Mmus		1	0	1
OG_607	HoiH23	HoiH23		1	0	1
OG_6073	Hvul	Hvul		1	0	1
OG_6075	Mmus	Mmus		1	0	1
OG_610	Mmus	Mmus		1	0	1
OG_612	Hvul	Hvul		1	0	1
OG_6131	Mmus	Mmus		1	0	1
OG_6137	Mmus	Mmus		1	0	1
OG_6146	Mmus	Mmus		1	0	1
OG_6148	Tadh	Tadh		1	0	1
OG_6152	Spis	Spis		1	0	1
OG_6156	Mmus	Mmus		1	0	1
OG_6162	HoiH23,Spolac	Metazoa	CniBil,Hhon,Mlei,Trichoplax	1	4	6
OG_6164	Mmus	Mmus		1	0	1
OG_6172	Tadh,TrH2	Trichoplax		1	0	3
OG_6173	Mmus	Mmus		1	0	1
OG_6191	Spolac	Spolac		1	0	1
OG_6197	Mmus,Tadh,TrH2	CniBilPla	Cnidaria,Dmel,Hoilungia	1	3	8
OG_62	Spolac	Spolac		1	0	1
OG_6203	Mmus	Mmus		1	0	1
OG_623	Tadh	Tadh		1	0	1
OG_6286	TrH2	TrH2		1	0	1
OG_6287	Mmus	Mmus		1	0	1
OG_6290	Mmus	Mmus		1	0	1
OG_6291	Mmus	Mmus		1	0	1
OG_63	TrH2	TrH2		1	0	1
OG_6309	TrH2	TrH2		1	0	1
OG_6315	Tadh	Tadh		1	0	1
OG_6322	Mmus	Mmus		1	0	1
OG_6324	Mmus	Mmus		1	0	1
OG_6334	Mmus	Mmus		1	0	1
OG_6339	TrH2	TrH2		1	0	1
OG_6341	Mmus	Mmus		1	0	1
OG_6371	Nvec	Nvec		1	0	1
OG_6380	Mmus	Mmus		1	0	1
OG_6404	Hvul	Hvul		1	0	3
OG_641	Spolac	Spolac		1	0	1
OG_6414	Mmus	Mmus		1	0	1
OG_6422	HoiH23,TrH2	Placozoa	Hhon,Tadh	1	2	8
OG_6431	Mmus	Mmus		1	0	1
OG_6439	Mmus	Mmus		1	0	1
OG_6454	Mmus	Mmus		1	0	1
OG_6455	Mmus	Mmus		1	0	1
OG_6461	Hvul	Hvul		1	0	1
OG_648	Dmel	Dmel		1	0	1
OG_6486	Mmus	Mmus		1	0	1
OG_6489	Dmel	Dmel		1	0	1
OG_649	Mmus	Mmus		1	0	1
OG_6491	Mmus	Mmus		1	0	1
OG_6506	Mmus	Mmus		1	0	1
OG_6522	Mmus	Mmus		1	0	1
OG_6530	Mmus	Mmus		1	0	1
OG_6531	Mmus	Mmus		1	0	1
OG_6536	Mmus	Mmus		1	0	1
OG_6538	Mmus	Mmus		1	0	1
OG_6542	Mmus	Mmus		1	0	1
OG_6545	Mmus	Mmus		1	0	1
OG_6558	Hhon,Tadh,TrH2	Placozoa	HoiH23	1	1	6
OG_6561	Nvec	Nvec		1	0	1
OG_657	Dmel,Hhon,HoiH23,Tadh	CniBilPla	Cnidaria,Mmus,TrH2	1	3	10
OG_6575	Hvul	Hvul		1	0	1
OG_6576	Hvul,Mlei	Metazoa	Anthozoa,Bilateria,Placozoa,Spolac	1	4	6
OG_6577	Mmus	Mmus		1	0	1
OG_6588	Mmus	Mmus		1	0	1
OG_660	Mmus	Mmus		1	0	1
OG_6604	Hhon	Hhon		1	0	1
OG_6611	Hhon	Hhon		1	0	1
OG_6612	HoiH23,Tadh,TrH2	Placozoa	Hhon	1	1	6
OG_662	Dmel,Mmus	Bilateria		1	0	4
OG_6635	Tadh,TrH2	Trichoplax		1	0	3
OG_6637	Hvul	Hvul		1	0	1
OG_6639	Dmel,Mmus,Spolac	Metazoa	Cnidaria,Mlei,Placozoa	1	3	8
OG_6641	Mmus	Mmus		1	0	1
OG_6655	Dmel	Dmel		1	0	1
OG_6664	Dmel	Dmel		1	0	1
OG_6666	Mmus	Mmus		1	0	1
OG_6676	Spis	Spis		1	0	1
OG_6678	Mmus	Mmus		1	0	1
OG_672	Tadh	Tadh		1	0	1
OG_6724	Dmel	Dmel		1	0	1
OG_6734	Spolac	Spolac		1	0	1
OG_6739	HoiH23,Mmus	CniBilPla	Cnidaria,Dmel,Hhon,Trichoplax	1	4	7
OG_674	Dmel	Dmel		1	0	1
OG_6740	Dmel	Dmel		1	0	1
OG_6750	Dmel,Mmus	Bilateria		1	0	3
OG_6775	Hvul	Hvul		1	0	1
OG_6787	Hvul	Hvul		1	0	1
OG_6789	Hvul	Hvul		1	0	2
OG_6791	Mmus	Mmus		1	0	1
OG_6800	Mmus	Mmus		1	0	1
OG_6804	Mmus	Mmus		1	0	1
OG_6823	Hvul	Hvul		1	0	1
OG_6837	Tadh,TrH2	Trichoplax		1	0	3
OG_684	Dmel,Hhon	CniBilPla	Cnidaria,HoiH23,Mmus,Trichoplax	1	4	7
OG_6850	Dmel	Dmel		1	0	1
OG_6852	Mmus,Tadh,TrH2	CniBilPla	Cnidaria,Dmel,Hoilungia	1	3	8
OG_6857	Mmus	Mmus		1	0	1
OG_6864	Hvul,TrH2	CniBilPla	Anthozoa,Bilateria,Hoilungia,Tadh	1	4	7
OG_6889	Hhon	Hhon		1	0	1
OG_6899	Mmus	Mmus		1	0	1
OG_6901	Mmus	Mmus		1	0	1
OG_6922	TrH2	TrH2		1	0	1
OG_693	Dmel,Mmus,Tadh,TrH2	CniBilPla	Cnidaria,Hoilungia	1	2	12
OG_6937	Mmus	Mmus		1	0	1
OG_6952	Dmel,HoiH23,TrH2	CniBilPla	Cnidaria,Hhon,Mmus,Tadh	1	4	9
OG_6953	Mmus	Mmus		1	0	1
OG_6956	Mmus	Mmus		1	0	1
OG_6961	Mmus	Mmus		1	0	1
OG_6973	Hvul	Hvul		1	0	1
OG_6978	Mmus	Mmus		1	0	1
OG_6997	HoiH23,Spolac,Tadh,TrH2	Metazoa	CniBil,Hhon,Mlei	1	3	10
OG_700	Dmel,Hvul,Mmus,Spis	CniBil	Nvec	1	1	9
OG_7003	Dmel,Mmus	Bilateria		1	0	3
OG_7036	Spolac	Spolac		1	0	1
OG_7068	Mmus	Mmus		1	0	1
OG_707	Dmel,Hvul	CniBil	Anthozoa,Mmus	1	2	5
OG_7070	Spolac	Spolac		1	0	1
OG_7081	Spolac	Spolac		1	0	1
OG_710	Dmel	Dmel		1	0	1
OG_7105	Mmus	Mmus		1	0	1
OG_7133	Mmus	Mmus		1	0	1
OG_7147	Mlei	Mlei		1	0	1
OG_715	Hvul	Hvul		1	0	1
OG_7164	Mmus	Mmus		1	0	1
OG_717	Hhon,HoiH23,Tadh,TrH2	Placozoa		1	0	7
OG_7177	Hhon	Hhon		1	0	1
OG_7196	Spolac	Spolac		1	0	1
OG_7211	Nvec,Spis	Anthozoa		1	0	3
OG_7232	Mmus,Spolac	Metazoa	Cnidaria,Dmel,Mlei,Placozoa	1	4	6
OG_7241	Hvul,Nvec	Cnidaria	Spis	1	1	4
OG_7247	Hvul	Hvul		1	0	1
OG_7251	HoiH23,Tadh,TrH2	Placozoa	Hhon	1	1	6
OG_7255	Mmus	Mmus		1	0	1
OG_7259	Mmus	Mmus		1	0	1
OG_726	Hvul	Hvul		1	0	1
OG_7266	Mmus	Mmus		1	0	1
OG_7283	Tadh	Tadh		1	0	1
OG_7306	Dmel	Dmel		1	0	1
OG_7308	Tadh,TrH2	Trichoplax		1	0	3
OG_7341	Hhon	Hhon		1	0	1
OG_7362	HoiH23,TrH2	Placozoa	Hhon,Tadh	1	2	5
OG_7367	Hhon,Tadh	Placozoa	HoiH23,TrH2	1	2	5
OG_738	Mmus	Mmus		1	0	2
OG_7385	HoiH23,Mmus,Tadh,TrH2	CniBilPla	Cnidaria,Dmel,Hhon	1	3	11
OG_7392	TrH2	TrH2		1	0	1
OG_741	Hhon,HoiH23,Tadh,TrH2	Placozoa		1	0	7
OG_7412	Hhon,HoiH23,Tadh,TrH2	Placozoa		1	0	7
OG_7477	Tadh	Tadh		1	0	1
OG_749	Mmus,TrH2	CniBilPla	Cnidaria,Dmel,Hoilungia,Tadh	1	4	7
OG_7513	Hhon,HoiH23,Tadh	Placozoa	TrH2	1	1	6
OG_7521	Hhon,HoiH23,Tadh,TrH2	Placozoa		1	0	7
OG_7531	HoiH23,Tadh,TrH2	Placozoa	Hhon	1	1	6
OG_7533	Tadh	Tadh		1	0	1
OG_7538	Tadh	Tadh		1	0	1
OG_7548	Spolac	Spolac		1	0	1
OG_7569	Mmus	Mmus		1	0	1
OG_7571	Dmel,Mmus	Bilateria		1	0	3
OG_7576	TrH2	TrH2		1	0	1
OG_7597	Dmel	Dmel		1	0	1
OG_7602	Mmus	Mmus		1	0	1
OG_7617	TrH2	TrH2		1	0	1
OG_7622	Tadh,TrH2	Trichoplax		1	0	3
OG_7631	Hhon,HoiH23,Mmus,Tadh,TrH2	CniBilPla	Cnidaria,Dmel	1	2	11
OG_7636	HoiH23	HoiH23		1	0	1
OG_7650	Tadh	Tadh		1	0	1
OG_7689	Mmus	Mmus		1	0	1
OG_7692	Hhon,HoiH23,Hvul,Mmus,TrH2	CniBilPla	Anthozoa,Dmel,Tadh	1	3	13
OG_7706	TrH2	TrH2		1	0	1
OG_7708	Hhon	Hhon		1	0	1
OG_7709	TrH2	TrH2		1	0	1
OG_7745	Hhon,Mmus,Tadh,TrH2	CniBilPla	Cnidaria,Dmel,HoiH23	1	3	10
OG_7777	TrH2	TrH2		1	0	1
OG_7809	TrH2	TrH2		1	0	1
OG_781	Mmus,Nvec	CniBil	Dmel,Hvul,Spis	1	3	6
OG_7837	Mmus,Nvec	CniBil	Dmel,Hvul,Spis	1	3	7
OG_7846	Spolac	Spolac		1	0	1
OG_785	TrH2	TrH2		1	0	1
OG_7878	Hhon,HoiH23,Mmus	CniBilPla	Cnidaria,Dmel,Trichoplax	1	3	9
OG_7896	Hhon,HoiH23,Spis,Tadh,TrH2	CniBilPla	Bilateria,Hvul,Nvec	1	3	13
OG_7902	Hhon	Hhon		1	0	1
OG_791	Spolac	Spolac		1	0	1
OG_7920	TrH2	TrH2		1	0	1
OG_793	Mmus	Mmus		1	0	1
OG_7932	Hhon	Hhon		1	0	1
OG_7937	Hhon,HoiH23,TrH2	Placozoa	Tadh	1	1	6
OG_7938	HoiH23,Tadh,TrH2	Placozoa	Hhon	1	1	6
OG_7962	Tadh,TrH2	Trichoplax		1	0	3
OG_7972	Hvul,Tadh,TrH2	CniBilPla	Anthozoa,Bilateria,Hoilungia	1	3	8
OG_7978	Hhon,Tadh,TrH2	Placozoa	HoiH23	1	1	6
OG_7994	Hvul,Tadh	CniBilPla	Anthozoa,Bilateria,Hoilungia,TrH2	1	4	7
OG_8007	Hhon	Hhon		1	0	1
OG_804	Hhon,HoiH23,Tadh,TrH2	Placozoa		1	0	7
OG_8069	HoiH23,Tadh,TrH2	Placozoa	Hhon	1	1	6
OG_808	Hvul	Hvul		1	0	1
OG_8098	Dmel	Dmel		1	0	1
OG_8099	Dmel,Mmus	Bilateria		1	0	3
OG_8145	Mmus	Mmus		1	0	1
OG_8149	Hvul	Hvul		1	0	1
OG_8155	Hvul	Hvul		1	0	1
OG_8157	Hvul	Hvul		1	0	1
OG_8192	Spolac	Spolac		1	0	1
OG_82	Spolac	Spolac		1	0	1
OG_8243	Hvul	Hvul		1	0	1
OG_8262	Nvec	Nvec		1	0	1
OG_8275	Hvul	Hvul		1	0	1
OG_8314	Hvul	Hvul		1	0	1
OG_8319	Mmus	Mmus		1	0	2
OG_8347	Mmus	Mmus		1	0	1
OG_8357	Hhon	Hhon		1	0	1
OG_8361	HoiH23,TrH2	Placozoa	Hhon,Tadh	1	2	5
OG_8368	HoiH23,Mmus	CniBilPla	Cnidaria,Dmel,Hhon,Trichoplax	1	4	7
OG_8370	HoiH23,Hvul,TrH2	CniBilPla	Anthozoa,Bilateria,Hhon,Tadh	1	4	10
OG_8372	Spolac	Spolac		1	0	1
OG_8373	Spis	Spis		1	0	1
OG_8387	Hhon,HoiH23,TrH2	Placozoa	Tadh	1	1	6
OG_8389	Tadh	Tadh		1	0	1
OG_8395	Hhon,Tadh	Placozoa	HoiH23,TrH2	1	2	5
OG_84	Spolac	Spolac		1	0	1
OG_8414	Hhon,HoiH23,Tadh,TrH2	Placozoa		1	0	7
OG_8423	Hhon,HoiH23,Tadh,TrH2	Placozoa		1	0	7
OG_8439	Mmus	Mmus		1	0	1
OG_8448	Mmus	Mmus		1	0	1
OG_8455	Mmus	Mmus		1	0	1
OG_8456	Dmel	Dmel		1	0	1
OG_8458	Hvul,Tadh,TrH2	CniBilPla	Anthozoa,Bilateria,Hoilungia	1	3	8
OG_8464	Dmel	Dmel		1	0	1
OG_8465	Mmus	Mmus		1	0	1
OG_8475	Dmel	Dmel		1	0	1
OG_8484	Hhon,HoiH23,TrH2	Placozoa	Tadh	1	1	6
OG_849	Mmus	Mmus		1	0	1
OG_850	HoiH23,Tadh,TrH2	Placozoa	Hhon	1	1	6
OG_8509	Hhon,HoiH23,Tadh,TrH2	Placozoa		1	0	7
OG_8516	Dmel	Dmel		1	0	1
OG_8521	Mmus	Mmus		1	0	1
OG_8522	TrH2	TrH2		1	0	1
OG_8530	Dmel	Dmel		1	0	1
OG_8535	Hvul,Mmus,Nvec	CniBil	Dmel,Spis	1	2	10
OG_8538	Mmus	Mmus		1	0	1
OG_854	Dmel,Hhon,HoiH23,Spis,Tadh,TrH2	CniBilPla	Hvul,Mmus,Nvec	1	3	18
OG_8554	Spolac	Spolac		1	0	1
OG_8576	Spolac	Spolac		1	0	1
OG_8578	HoiH23,Tadh,TrH2	Placozoa	Hhon	1	1	6
OG_8588	TrH2	TrH2		1	0	1
OG_8590	TrH2	TrH2		1	0	1
OG_8612	HoiH23,Tadh	Placozoa	Hhon,TrH2	1	2	5
OG_8613	Dmel,Hhon,HoiH23,Hvul,Spis,Tadh,TrH2	CniBilPla	Mmus,Nvec	1	2	15
OG_8618	Mmus	Mmus		1	0	1
OG_8625	TrH2	TrH2		1	0	1
OG_8629	Mmus	Mmus		1	0	1
OG_863	Hvul,Mmus,Nvec	CniBil	Dmel,Spis	1	2	8
OG_8643	Dmel,Hvul,Mmus	CniBil	Anthozoa	1	1	6
OG_8649	Mmus	Mmus		1	0	1
OG_867	Hhon,HoiH23,Tadh,TrH2	Placozoa		1	0	7
OG_8671	Spis	Spis		1	0	1
OG_868	Dmel	Dmel		1	0	1
OG_8694	HoiH23	HoiH23		1	0	1
OG_8696	Mmus	Mmus		1	0	1
OG_870	Dmel,Hvul	CniBil	Anthozoa,Mmus	1	2	5
OG_8721	Mmus	Mmus		1	0	1
OG_8736	Mmus	Mmus		1	0	1
OG_8744	Mmus	Mmus		1	0	1
OG_879	Mmus	Mmus		1	0	1
OG_8795	Mmus	Mmus		1	0	1
OG_882	HoiH23,Tadh,TrH2	Placozoa	Hhon	1	1	6
OG_8877	Spis	Spis		1	0	1
OG_8912	Dmel	Dmel		1	0	1
OG_8948	Nvec	Nvec		1	0	1
OG_897	Hvul	Hvul		1	0	1
OG_898	Dmel	Dmel		1	0	1
OG_902	Hhon,HoiH23,TrH2	Placozoa	Tadh	1	1	6
OG_9025	Dmel,Mmus	Bilateria		1	0	5
OG_9138	Hhon,HoiH23,Tadh,TrH2	Placozoa		1	0	7
OG_916	Mmus	Mmus		1	0	2
OG_9160	Dmel	Dmel		1	0	1
OG_9177	Mmus	Mmus		1	0	1
OG_921	Hvul	Hvul		1	0	1
OG_9219	Spolac	Spolac		1	0	1
OG_922	TrH2	TrH2		1	0	1
OG_923	Dmel,Tadh,TrH2	CniBilPla	Cnidaria,Hoilungia,Mmus	1	3	8
OG_9244	Mmus	Mmus		1	0	1
OG_926	Mmus	Mmus		1	0	1
OG_9260	Mmus	Mmus		1	0	2
OG_9263	Spolac	Spolac		1	0	1
OG_9267	Spolac	Spolac		1	0	1
OG_9280	Dmel,Mmus	Bilateria		1	0	4
OG_9283	Dmel	Dmel		1	0	1
OG_9287	Hvul	Hvul		1	0	1
OG_9311	Dmel	Dmel		1	0	1
OG_9313	Dmel,Mmus	Bilateria		1	0	3
OG_9345	Dmel	Dmel		1	0	1
OG_936	Dmel,Hvul,Tadh,TrH2	CniBilPla	Anthozoa,Hoilungia,Mmus	1	3	10
OG_9436	Dmel	Dmel		1	0	1
OG_9445	Mmus	Mmus		1	0	1
OG_9455	Mmus	Mmus		1	0	1
OG_9478	Mmus	Mmus		1	0	1
OG_9487	Dmel	Dmel		1	0	1
OG_9488	Dmel	Dmel		1	0	1
OG_950	Mmus	Mmus		1	0	1
OG_9501	Nvec	Nvec		1	0	1
OG_9528	Hhon,HoiH23	Hoilungia		1	0	3
OG_9570	Spolac	Spolac		1	0	1
OG_9573	Mmus	Mmus		1	0	1
OG_9583	Spolac	Spolac		1	0	1
OG_9602	Mmus,Tadh	CniBilPla	Cnidaria,Dmel,Hoilungia,TrH2	1	4	7
OG_9604	Hhon,Hvul,Spolac,Tadh	Metazoa	Anthozoa,Bilateria,HoiH23,Mlei,TrH2	1	5	11
OG_962	Hvul,Mmus,Tadh,TrH2	CniBilPla	Anthozoa,Dmel,Hoilungia	1	3	10
OG_9622	TrH2	TrH2		1	0	1
OG_9624	Mmus	Mmus		1	0	1
OG_9628	Mmus	Mmus		1	0	1
OG_9632	Mmus	Mmus		1	0	1
OG_9633	Spolac	Spolac		1	0	1
OG_9642	Dmel,Mmus	Bilateria		1	0	3
OG_9654	Mmus	Mmus		1	0	1
OG_9655	Spolac	Spolac		1	0	1
OG_9669	Mmus	Mmus		1	0	2
OG_967	Dmel	Dmel		1	0	1
OG_9685	Mmus	Mmus		1	0	1
OG_9714	Mmus	Mmus		1	0	1
OG_9728	Dmel,Mmus	Bilateria		1	0	4
OG_9739	HoiH23	HoiH23		1	0	1
OG_9742	Dmel,Hvul,Mmus,TrH2	CniBilPla	Anthozoa,Hoilungia,Tadh	1	3	11
OG_9743	Mmus	Mmus		1	0	1
OG_9750	Mmus,Spolac	Metazoa	Cnidaria,Dmel,Mlei,Placozoa	1	4	6
OG_9761	Mmus,Spolac	Metazoa	Cnidaria,Dmel,Mlei,Placozoa	1	4	6
OG_9767	Spolac	Spolac		1	0	1
OG_9776	Mmus	Mmus		1	0	4
OG_9784	Spolac	Spolac		1	0	1
OG_9806	Mmus	Mmus		1	0	1
OG_9815	Hvul,Mlei,Mmus,Nvec,Spolac,Tadh,TrH2	Metazoa	Dmel,Hoilungia,Spis	1	3	22
OG_9820	Hhon,HoiH23	Hoilungia		1	0	3
OG_9833	Mmus	Mmus		1	0	1
OG_9835	Tadh,TrH2	Trichoplax		1	0	3
OG_9837	Mmus	Mmus		1	0	1
OG_9850	Hhon	Hhon		1	0	1
OG_9852	Mmus	Mmus		1	0	1
OG_987	Spolac	Spolac		1	0	1
OG_9893	Dmel,Hvul	CniBil	Anthozoa,Mmus	1	2	5
OG_9899	Hvul	Hvul		1	0	1
OG_9920	Dmel	Dmel		1	0	1
OG_9924	Dmel	Dmel		1	0	1
OG_9929	Dmel	Dmel		1	0	1
OG_9931	Spolac	Spolac		1	0	1
OG_9936	Mmus	Mmus		1	0	1
OG_9938	Spolac	Spolac		1	0	1
OG_9945	TrH2	TrH2		1	0	1
OG_9950	Mmus	Mmus		1	0	1
OG_9958	Hvul	Hvul		1	0	1
OG_9962	Mmus	Mmus		1	0	1
OG_9965	Hvul,TrH2	CniBilPla	Anthozoa,Bilateria,Hoilungia,Tadh	1	4	7
OG_9975	Dmel	Dmel		1	0	1
OG_998	Spolac	Spolac		1	0	1
